Workbook

Sheet Tong_hop_phi
A1: STT | B1: Mã NH | C1: Tên ngân hàng | D1: Số GD | E1: Tổng giá trị GD (VND) | F1: Tỷ lệ phí | G1: Phí thu (VND) | I1: Ghi chú
A2: 1 | B2: VCB | C2: =VLOOKUP(TRIM(B2),Doi_tac!$A$2:$C$9,2,FALSE()) -> Vietcombank | D2: =COUNTIF(Giao_dich!$E$2:$E$41,B2) -> 4 | E2: =SUMIF(Giao_dich!$E$2:$E$41,B2,Giao_dich!$D$2:$D$41) -> 63690000 | F2: =VLOOKUP(TRIM(B2),Doi_tac!$A$2:$C$9,3,FALSE()) -> 0.01 | G2: =SUMIF(Giao_dich!$E$2:$E$41,B2,Giao_dich!$H$2:$H$41) -> 636900 | I2: Chữ xanh: dữ liệu nhập tay (mã NH, bảng đối tác, giao dịch).
A3: 2 | B3: BIDV | C3: =VLOOKUP(TRIM(B3),Doi_tac!$A$2:$C$9,2,FALSE()) -> BIDV | D3: =COUNTIF(Giao_dich!$E$2:$E$41,B3) -> 8 | E3: =SUMIF(Giao_dich!$E$2:$E$41,B3,Giao_dich!$D$2:$D$41) -> 104860000 | F3: =VLOOKUP(TRIM(B3),Doi_tac!$A$2:$C$9,3,FALSE()) -> 0.009 | G3: =SUMIF(Giao_dich!$E$2:$E$41,B3,Giao_dich!$H$2:$H$41) -> 943740 | I3: Chữ đen: công thức. Tra cứu dùng VLOOKUP(TRIM(...),...,FALSE) – khớp chính xác.
A4: 3 | B4: VTB | C4: =VLOOKUP(TRIM(B4),Doi_tac!$A$2:$C$9,2,FALSE()) -> VietinBank | D4: =COUNTIF(Giao_dich!$E$2:$E$41,B4) -> 4 | E4: =SUMIF(Giao_dich!$E$2:$E$41,B4,Giao_dich!$D$2:$D$41) -> 68640000 | F4: =VLOOKUP(TRIM(B4),Doi_tac!$A$2:$C$9,3,FALSE()) -> 0.0085 | G4: =SUMIF(Giao_dich!$E$2:$E$41,B4,Giao_dich!$H$2:$H$41) -> 583440 | I4: Cột 'Mã NH (thô)' ở Giao_dich cố ý có khoảng trắng thừa; TRIM làm sạch trước khi tra.
A5: 4 | B5: TCB | C5: =VLOOKUP(TRIM(B5),Doi_tac!$A$2:$C$9,2,FALSE()) -> Techcombank | D5: =COUNTIF(Giao_dich!$E$2:$E$41,B5) -> 4 | E5: =SUMIF(Giao_dich!$E$2:$E$41,B5,Giao_dich!$D$2:$D$41) -> 52650000 | F5: =VLOOKUP(TRIM(B5),Doi_tac!$A$2:$C$9,3,FALSE()) -> 0.008 | G5: =SUMIF(Giao_dich!$E$2:$E$41,B5,Giao_dich!$H$2:$H$41) -> 421200 | I5: Dữ liệu giao dịch là mẫu minh họa (40 dòng), không phải số liệu thật.
A6: 5 | B6: MB | C6: =VLOOKUP(TRIM(B6),Doi_tac!$A$2:$C$9,2,FALSE()) -> MB Bank | D6: =COUNTIF(Giao_dich!$E$2:$E$41,B6) -> 3 | E6: =SUMIF(Giao_dich!$E$2:$E$41,B6,Giao_dich!$D$2:$D$41) -> 19300000 | F6: =VLOOKUP(TRIM(B6),Doi_tac!$A$2:$C$9,3,FALSE()) -> 0.0075 | G6: =SUMIF(Giao_dich!$E$2:$E$41,B6,Giao_dich!$H$2:$H$41) -> 144750
A7: 6 | B7: ACB | C7: =VLOOKUP(TRIM(B7),Doi_tac!$A$2:$C$9,2,FALSE()) -> ACB | D7: =COUNTIF(Giao_dich!$E$2:$E$41,B7) -> 5 | E7: =SUMIF(Giao_dich!$E$2:$E$41,B7,Giao_dich!$D$2:$D$41) -> 55380000 | F7: =VLOOKUP(TRIM(B7),Doi_tac!$A$2:$C$9,3,FALSE()) -> 0.007 | G7: =SUMIF(Giao_dich!$E$2:$E$41,B7,Giao_dich!$H$2:$H$41) -> 387660
A8: 7 | B8: TPB | C8: =VLOOKUP(TRIM(B8),Doi_tac!$A$2:$C$9,2,FALSE()) -> TPBank | D8: =COUNTIF(Giao_dich!$E$2:$E$41,B8) -> 6 | E8: =SUMIF(Giao_dich!$E$2:$E$41,B8,Giao_dich!$D$2:$D$41) -> 54270000 | F8: =VLOOKUP(TRIM(B8),Doi_tac!$A$2:$C$9,3,FALSE()) -> 0.007 | G8: =SUMIF(Giao_dich!$E$2:$E$41,B8,Giao_dich!$H$2:$H$41) -> 379890
A9: 8 | B9: SHB | C9: =VLOOKUP(TRIM(B9),Doi_tac!$A$2:$C$9,2,FALSE()) -> SHB | D9: =COUNTIF(Giao_dich!$E$2:$E$41,B9) -> 6 | E9: =SUMIF(Giao_dich!$E$2:$E$41,B9,Giao_dich!$D$2:$D$41) -> 80220000 | F9: =VLOOKUP(TRIM(B9),Doi_tac!$A$2:$C$9,3,FALSE()) -> 0.0065 | G9: =SUMIF(Giao_dich!$E$2:$E$41,B9,Giao_dich!$H$2:$H$41) -> 521430
A10: TỔNG | D10: =SUM(D2:D9) -> 40 | E10: =SUM(E2:E9) -> 499010000 | F10: =G10/E10 -> 0.0080539669 | G10: =SUM(G2:G9) -> 4019010

Sheet Doi_tac
A1: Mã NH | B1: Tên ngân hàng | C1: Tỷ lệ phí
A2: VCB | B2: Vietcombank | C2: 0.01
A3: BIDV | B3: BIDV | C3: 0.009
A4: VTB | B4: VietinBank | C4: 0.0085
A5: TCB | B5: Techcombank | C5: 0.008
A6: MB | B6: MB Bank | C6: 0.0075
A7: ACB | B7: ACB | C7: 0.007
A8: TPB | B8: TPBank | C8: 0.007
A9: SHB | B9: SHB | C9: 0.0065

Sheet Giao_dich
A1: Mã GD | B1: Ngày GD | C1: Mã NH (thô) | D1: Số tiền (VND) | E1: Mã NH (đã TRIM) | F1: Tên ngân hàng | G1: Tỷ lệ phí | H1: Phí (VND)
A2: GD10001 | B2: 45443 | C2: ACB | D2: 6370000 | E2: =TRIM(C2) -> ACB | F2: =VLOOKUP(E2,Doi_tac!$A$2:$C$9,2,FALSE()) -> ACB | G2: =VLOOKUP(E2,Doi_tac!$A$2:$C$9,3,FALSE()) -> 0.007 | H2: =D2*G2 -> 44590
A3: GD10002 | B3: 45433 | C3: TPB | D3: 2170000 | E3: =TRIM(C3) -> TPB | F3: =VLOOKUP(E3,Doi_tac!$A$2:$C$9,2,FALSE()) -> TPBank | G3: =VLOOKUP(E3,Doi_tac!$A$2:$C$9,3,FALSE()) -> 0.007 | H3: =D3*G3 -> 15190
A4: GD10003 | B4: 45439 | C4: BIDV | D4: 22140000 | E4: =TRIM(C4) -> BIDV | F4: =VLOOKUP(E4,Doi_tac!$A$2:$C$9,2,FALSE()) -> BIDV | G4: =VLOOKUP(E4,Doi_tac!$A$2:$C$9,3,FALSE()) -> 0.009 | H4: =D4*G4 -> 199260
A5: GD10004 | B5: 45424 | C5: BIDV | D5: 24070000 | E5: =TRIM(C5) -> BIDV | F5: =VLOOKUP(E5,Doi_tac!$A$2:$C$9,2,FALSE()) -> BIDV | G5: =VLOOKUP(E5,Doi_tac!$A$2:$C$9,3,FALSE()) -> 0.009 | H5: =D5*G5 -> 216630
A6: GD10005 | B6: 45442 | C6: VCB | D6: 20980000 | E6: =TRIM(C6) -> VCB | F6: =VLOOKUP(E6,Doi_tac!$A$2:$C$9,2,FALSE()) -> Vietcombank | G6: =VLOOKUP(E6,Doi_tac!$A$2:$C$9,3,FALSE()) -> 0.01 | H6: =D6*G6 -> 209800
A7: GD10006 | B7: 45414 | C7: TCB | D7: 3720000 | E7: =TRIM(C7) -> TCB | F7: =VLOOKUP(E7,Doi_tac!$A$2:$C$9,2,FALSE()) -> Techcombank | G7: =VLOOKUP(E7,Doi_tac!$A$2:$C$9,3,FALSE()) -> 0.008 | H7: =D7*G7 -> 29760
A8: GD10007 | B8: 45426 | C8: TPB | D8: 3060000 | E8: =TRIM(C8) -> TPB | F8: =VLOOKUP(E8,Doi_tac!$A$2:$C$9,2,FALSE()) -> TPBank | G8: =VLOOKUP(E8,Doi_tac!$A$2:$C$9,3,FALSE()) -> 0.007 | H8: =D8*G8 -> 21420
A9: GD10008 | B9: 45415 | C9: TCB | D9: 22770000 | E9: =TRIM(C9) -> TCB | F9: =VLOOKUP(E9,Doi_tac!$A$2:$C$9,2,FALSE()) -> Techcombank | G9: =VLOOKUP(E9,Doi_tac!$A$2:$C$9,3,FALSE()) -> 0.008 | H9: =D9*G9 -> 182160
A10: GD10009 | B10: 45414 | C10: TPB | D10: 23360000 | E10: =TRIM(C10) -> TPB | F10: =VLOOKUP(E10,Doi_tac!$A$2:$C$9,2,FALSE()) -> TPBank | G10: =VLOOKUP(E10,Doi_tac!$A$2:$C$9,3,FALSE()) -> 0.007 | H10: =D10*G10 -> 163520
A11: GD10010 | B11: 45443 | C11: BIDV | D11: 9340000 | E11: =TRIM(C11) -> BIDV | F11: =VLOOKUP(E11,Doi_tac!$A$2:$C$9,2,FALSE()) -> BIDV | G11: =VLOOKUP(E11,Doi_tac!$A$2:$C$9,3,FALSE()) -> 0.009 | H11: =D11*G11 -> 84060
A12: GD10011 | B12: 45431 | C12: VCB | D12: 24180000 | E12: =TRIM(C12) -> VCB | F12: =VLOOKUP(E12,Doi_tac!$A$2:$C$9,2,FALSE()) -> Vietcombank | G12: =VLOOKUP(E12,Doi_tac!$A$2:$C$9,3,FALSE()) -> 0.01 | H12: =D12*G12 -> 241800
A13: GD10012 | B13: 45414 | C13: TPB | D13: 9250000 | E13: =TRIM(C13) -> TPB | F13: =VLOOKUP(E13,Doi_tac!$A$2:$C$9,2,FALSE()) -> TPBank | G13: =VLOOKUP(E13,Doi_tac!$A$2:$C$9,3,FALSE()) -> 0.007 | H13: =D13*G13 -> 64750
... A41: GD10040 | B41: 45417 | C41: MB | D41: 10340000 | E41: =TRIM(C41) -> MB | F41: =VLOOKUP(E41,Doi_tac!$A$2:$C$9,2,FALSE()) -> MB Bank | G41: =VLOOKUP(E41,Doi_tac!$A$2:$C$9,3,FALSE()) -> 0.0075 | H41: =D41*G41 -> 77550
